{"cameraMode":{"drawMode":0,"name":"Shaded","section":"Shading Mode"},"sceneLighting":true,"audioPlay":false,"sceneViewState":{"m_AlwaysRefresh":true,"showFog":false,"showSkybox":false,"showFlares":true,"showImageEffects":true,"showParticleSystems":true,"showVisualEffectGraphs":true,"m_FxEnabled":true},"in2DMode":false,"pivot":{"x":7.897888660430908,"y":0.7779922485351563,"z":1.0791959762573243},"rotation":{"x":0.5097264647483826,"y":0.009805808775126934,"z":-0.005820425692945719,"w":0.8602597713470459},"size":1.9284272193908692,"orthographic":false}